year,risk_factors_2plus_by15,reg,age_desc,x_gender_desc,all,denom,denom_adj,pp_sch,pp_ter,pp_sempIT,pp_semp,pp_lemp,pp_cust,pp_lt6_neet,pp_st6_neet,pp1_ben,pp1_ws_empl
2013,0,Auckland Region,15-19,All,85941,1031316,1008933,686004,152601,5958,42102,48552,273,44148,29301,28866,270207
2013,0,Auckland Region,15-19,Female,42063,504732,493062,337128,81174,879,15048,24015,0,21003,13806,16041,136878
2013,0,Auckland Region,15-19,Male,43881,526584,515871,348876,71424,5076,27054,24537,270,23142,15495,12825,133326
2013,0,Auckland Region,20-24,All,90978,1091736,1056387,2415,336822,31389,378717,129276,1701,124329,51741,122472,726804
2013,0,Auckland Region,20-24,Female,45075,540924,521841,1068,183105,5640,169446,65040,75,72720,24747,76893,346887
2013,0,Auckland Region,20-24,Male,45900,550812,534546,1344,153717,25749,209268,64236,1626,51609,26994,45579,379917
2013,0,Bay of Plenty Region,15-19,All,15549,186600,183951,126489,22227,1602,9240,10224,66,9300,4806,7185,61176
2013,0,Bay of Plenty Region,15-19,Female,7521,90240,88896,62493,11295,204,3180,5343,0,4332,2055,3870,30606
2013,0,Bay of Plenty Region,15-19,Male,8031,96360,95058,63996,10932,1404,6060,4881,63,4968,2751,3315,30570
2013,0,Bay of Plenty Region,20-24,All,12222,146676,142779,360,31788,6228,52230,20373,594,24537,6672,27894,96279
2013,0,Bay of Plenty Region,20-24,Female,5934,71208,69351,168,18009,1107,20256,11001,66,15714,3030,17682,42201
2013,0,Bay of Plenty Region,20-24,Male,6291,75468,73428,195,13779,5121,31974,9375,528,8823,3639,10212,54078
2013,0,Canterbury Region,15-19,All,31014,372192,366480,244068,49962,5700,29763,19839,87,10116,6948,8529,154476
2013,0,Canterbury Region,15-19,Female,14841,178092,175104,121623,24753,729,9681,10551,0,4890,2877,4758,74760
2013,0,Canterbury Region,15-19,Male,16176,194100,191376,122445,25209,4968,20079,9288,87,5223,4074,3768,79716
2013,0,Canterbury Region,20-24,All,32538,390456,380970,2940,113112,21036,159948,39591,516,30861,12969,32826,294522
2013,0,Canterbury Region,20-24,Female,15033,180420,175836,1608,57222,3918,65373,22383,15,19452,5865,20904,131316
2013,0,Canterbury Region,20-24,Male,17505,210036,205134,1329,55893,17121,94575,17205,501,11409,7104,11922,163206
2013,0,Gisborne Region,15-19,All,2610,31308,30945,20778,3465,354,1752,1782,42,1965,798,1557,10563
2013,0,Gisborne Region,15-19,Female,1284,15396,15207,10635,1620,81,597,822,0,1098,351,873,5172
2013,0,Gisborne Region,15-19,Male,1326,15912,15741,10146,1845,276,1158,957,42,867,450,681,5394
2013,0,Gisborne Region,20-24,All,2049,24576,24063,84,5340,1416,7710,3633,63,4440,1374,5769,15477
2013,0,Gisborne Region,20-24,Female,954,11448,11211,36,2904,153,2673,1881,0,2937,621,3876,6084
2013,0,Gisborne Region,20-24,Male,1095,13128,12852,51,2433,1263,5037,1752,63,1503,753,1896,9393
2013,0,Hawke's Bay Region,15-19,All,8817,105828,104493,73896,11049,855,5469,5622,45,4986,2571,4680,36075
2013,0,Hawke's Bay Region,15-19,Female,4266,51180,50550,36819,5556,147,1848,2697,0,2442,1038,2616,18027
2013,0,Hawke's Bay Region,15-19,Male,4554,54648,53940,37077,5493,708,3621,2925,39,2544,1533,2067,18048
2013,0,Hawke's Bay Region,20-24,All,6636,79656,77862,228,17682,3360,29541,11049,336,12135,3531,14697,54264
2013,0,Hawke's Bay Region,20-24,Female,3285,39444,38580,93,10158,762,11880,6039,0,7998,1644,9657,24396
2013,0,Hawke's Bay Region,20-24,Male,3351,40212,39282,135,7521,2598,17661,5007,336,4134,1887,5040,29868
2013,0,Manawatu-Wanganui Region,15-19,All,12708,152472,150795,101199,19608,1362,8787,8436,39,7839,3528,7590,50487
2013,0,Manawatu-Wanganui Region,15-19,Female,6144,73716,72828,50034,10008,282,2817,4374,0,3786,1533,4191,24855
2013,0,Manawatu-Wanganui Region,15-19,Male,6561,78756,77967,51168,9600,1077,5970,4062,42,4053,1995,3396,25629
2013,0,Manawatu-Wanganui Region,20-24,All,12546,150552,147645,606,43788,6957,51321,18447,354,20160,6012,24285,101067
2013,0,Manawatu-Wanganui Region,20-24,Female,6183,74220,72774,297,24405,1533,20541,10407,21,12777,2793,14352,46362
2013,0,Manawatu-Wanganui Region,20-24,Male,6363,76332,74871,309,19383,5427,30780,8040,333,7383,3216,9933,54705
2013,0,Marlborough Region,15-19,All,2187,26256,25920,18249,2079,297,2076,1737,0,951,525,843,11640
2013,0,Marlborough Region,15-19,Female,1065,12804,12606,9336,957,78,666,873,0,471,225,441,5895
2013,0,Marlborough Region,15-19,Male,1119,13452,13314,8913,1122,222,1410,864,0,477,300,399,5742
2013,0,Marlborough Region,20-24,All,1701,20400,19986,30,3507,1368,9237,3060,33,2019,726,2166,15882
2013,0,Marlborough Region,20-24,Female,780,9348,9153,12,1875,339,3456,1797,0,1344,330,1425,6783
2013,0,Marlborough Region,20-24,Male,921,11052,10833,15,1638,1029,5781,1266,30,678,396,738,9099
2013,0,Nelson Region,15-19,All,2658,31884,31302,22191,3033,291,2037,2088,9,1044,609,1212,12597
2013,0,Nelson Region,15-19,Female,1278,15348,15021,10860,1575,66,798,1080,0,381,258,618,6318
2013,0,Nelson Region,15-19,Male,1380,16536,16281,11331,1461,225,1239,1008,6,663,351,591,6279
2013,0,Nelson Region,20-24,All,2202,26424,25737,267,5619,1332,10020,3888,54,3465,1092,4392,18669
2013,0,Nelson Region,20-24,Female,1065,12780,12399,153,3132,246,4053,2175,0,2124,522,2733,8511
2013,0,Nelson Region,20-24,Male,1137,13644,13338,117,2487,1089,5967,1713,54,1341,567,1659,10158
2013,0,Northland Region,15-19,All,8166,97980,96570,65949,9660,1044,5850,5343,51,6069,2610,5028,28980
2013,0,Northland Region,15-19,Female,3942,47328,46635,32886,4689,111,2124,2835,12,2847,1128,2715,14334
2013,0,Northland Region,15-19,Male,4221,50652,49938,33060,4968,933,3726,2508,36,3219,1479,2313,14646
2013,0,Northland Region,20-24,All,6291,75480,73863,195,14310,3882,25728,9708,330,16077,3630,17001,46971
2013,0,Northland Region,20-24,Female,2988,35832,35058,126,7989,636,9834,5193,18,9603,1659,10422,19905
2013,0,Northland Region,20-24,Male,3306,39648,38802,66,6321,3243,15894,4515,315,6474,1974,6582,27063
2013,0,Otago Region,15-19,All,11955,143448,141057,83481,31812,1650,8850,7962,54,3876,3369,4179,56790
2013,0,Otago Region,15-19,Female,5838,70068,68799,40365,17637,312,3054,4257,0,1641,1533,2007,28023
2013,0,Otago Region,15-19,Male,6114,73380,72255,43119,14175,1335,5796,3705,54,2238,1836,2169,28770
2013,0,Otago Region,20-24,All,14775,177276,171708,234,78267,6855,50226,17382,378,11367,6999,16311,114162
2013,0,Otago Region,20-24,Female,7212,86520,83742,90,41952,1287,21783,9528,18,6015,3069,8628,55392
2013,0,Otago Region,20-24,Male,7563,90756,87969,144,36315,5565,28446,7857,360,5352,3933,7683,58770
2013,0,Southland Region,15-19,All,5271,63276,62622,42762,7239,1029,4887,3267,60,2154,1218,2070,26799
2013,0,Southland Region,15-19,Female,2541,30480,30138,21669,3729,150,1404,1710,0,1002,474,1062,12672
2013,0,Southland Region,15-19,Male,2733,32796,32484,21093,3510,879,3483,1557,60,1149,750,1008,14133
2013,0,Southland Region,20-24,All,4959,59508,58416,192,13806,4332,24651,6654,204,6141,2433,7755,44328
2013,0,Southland Region,20-24,Female,2277,27336,26832,102,7257,738,9570,4167,18,3903,1077,4605,19047
2013,0,Southland Region,20-24,Male,2679,32172,31584,90,6549,3594,15084,2484,186,2238,1359,3147,25284
2013,0,Taranaki Region,15-19,All,6339,76056,75264,51348,8382,852,5067,4404,18,3426,1767,2667,28476
2013,0,Taranaki Region,15-19,Female,3060,36708,36300,25704,4056,135,1530,2490,0,1605,780,1551,14106
2013,0,Taranaki Region,15-19,Male,3279,39348,38967,25641,4326,717,3537,1917,18,1824,987,1116,14370
2013,0,Taranaki Region,20-24,All,5445,65328,64083,168,13278,4443,26967,7872,210,8640,2502,8265,47232
2013,0,Taranaki Region,20-24,Female,2502,30012,29421,99,7209,774,10218,4665,0,5373,1074,5154,19881
2013,0,Taranaki Region,20-24,Male,2943,35316,34665,69,6069,3672,16746,3207,207,3267,1425,3108,27351
2013,0,Tasman Region,15-19,All,2778,33336,32832,23748,2910,606,2352,1935,0,729,552,834,14613
2013,0,Tasman Region,15-19,Female,1251,15024,14787,10998,1356,84,798,984,0,330,234,513,6690
2013,0,Tasman Region,15-19,Male,1527,18312,18048,12750,1554,522,1554,951,0,399,318,324,7923
2013,0,Tasman Region,20-24,All,1815,21756,21099,63,4635,1644,8625,2889,33,2376,834,2574,16002
2013,0,Tasman Region,20-24,Female,828,9912,9588,60,2430,240,3207,1608,0,1653,390,1662,6501
2013,0,Tasman Region,20-24,Male,987,11844,11511,0,2205,1404,5418,1284,33,720,447,912,9501
2013,0,Waikato Region,15-19,All,23934,287208,283479,186936,36183,3975,18798,15870,72,14409,7233,11262,95781
2013,0,Waikato Region,15-19,Female,11469,137640,135732,92868,18939,537,5511,7941,12,6846,3081,6189,45336
2013,0,Waikato Region,15-19,Male,12465,149568,147747,94068,17247,3438,13287,7932,63,7560,4152,5076,50445
2013,0,Waikato Region,20-24,All,23115,277368,271398,612,73668,14112,100050,31701,753,39186,11316,41703,188475
2013,0,Waikato Region,20-24,Female,11292,135480,132393,222,41154,2505,40284,17694,12,25164,5355,26034,85164
2013,0,Waikato Region,20-24,Male,11826,141888,139008,387,32514,11607,59769,14007,741,14022,5961,15672,103311
2013,0,Wellington Region,15-19,All,27501,330012,324492,213543,53970,1524,14313,18942,45,13488,8667,11475,102876
2013,0,Wellington Region,15-19,Female,13515,162168,159312,104256,29163,378,5823,9633,0,6207,3849,6003,54375
2013,0,Wellington Region,15-19,Male,13986,167844,165180,109287,24807,1143,8490,9309,45,7284,4818,5475,48498
2013,0,Wellington Region,20-24,All,31596,379176,369018,1659,129003,9930,129279,44520,318,38745,15570,45594,265185
2013,0,Wellington Region,20-24,Female,15978,191712,186030,846,70494,2184,60645,22755,0,21870,7230,25947,131820
2013,0,Wellington Region,20-24,Male,15621,187464,182988,813,58509,7743,68631,21762,318,16875,8337,19650,133368
2013,0,West Coast Region,15-19,All,1548,18564,18357,12000,1686,489,1803,1191,0,777,411,744,8430
2013,0,West Coast Region,15-19,Female,732,8796,8682,6075,807,96,534,600,0,405,165,387,3846
2013,0,West Coast Region,15-19,Male,816,9768,9678,5925,882,393,1269,591,0,372,246,360,4584
2013,0,West Coast Region,20-24,All,1377,16524,16203,33,2259,1239,7791,1908,33,2355,588,2223,12543
2013,0,West Coast Region,20-24,Female,648,7764,7626,12,1170,318,3024,1308,0,1524,267,1311,5463
2013,0,West Coast Region,20-24,Male,729,8760,8577,21,1089,921,4767,600,33,828,321,912,7080
2013,1,Auckland Region,15-19,All,12927,155112,153198,82395,23340,606,6966,8757,471,24108,6555,18549,27963
2013,1,Auckland Region,15-19,Female,6498,77976,76887,41787,13170,150,2118,3735,30,12675,3219,11607,12387
2013,1,Auckland Region,15-19,Male,6426,77136,76311,40608,10164,459,4845,5025,441,11430,3336,6945,15579
2013,1,Auckland Region,20-24,All,12078,144924,142782,588,23061,2457,36975,19221,2160,51009,7311,58098,67122
2013,1,Auckland Region,20-24,Female,6219,74628,73428,300,14136,603,13842,8904,186,32067,3393,38277,28344
2013,1,Auckland Region,20-24,Male,5856,70296,69351,288,8928,1854,23130,10317,1977,18942,3918,19818,38778
2013,1,Bay of Plenty Region,15-19,All,3846,46164,45726,22500,6783,195,2067,3060,273,8508,2343,6627,9180
2013,1,Bay of Plenty Region,15-19,Female,1929,23148,22932,11610,3516,33,705,1548,15,4428,1077,4209,4563
2013,1,Bay of Plenty Region,15-19,Male,1917,23016,22794,10890,3270,162,1362,1512,261,4077,1263,2418,4614
2013,1,Bay of Plenty Region,20-24,All,3537,42432,41979,189,5823,996,8565,5802,1023,17052,2526,20082,17145
2013,1,Bay of Plenty Region,20-24,Female,1758,21096,20841,153,3420,162,2712,2757,48,10578,1008,12627,6675
2013,1,Bay of Plenty Region,20-24,Male,1779,21336,21135,36,2406,831,5853,3045,978,6474,1518,7458,10470
2013,1,Canterbury Region,15-19,All,4230,50748,50418,25257,5634,672,5196,4218,174,7041,2223,6372,17127
2013,1,Canterbury Region,15-19,Female,2067,24780,24612,13155,2955,153,1434,2136,0,3810,966,3843,7752
2013,1,Canterbury Region,15-19,Male,2163,25968,25806,12105,2679,522,3762,2082,171,3231,1260,2526,9372
2013,1,Canterbury Region,20-24,All,4620,55428,54981,501,5505,2214,19851,7446,963,15780,2721,18240,32778
2013,1,Canterbury Region,20-24,Female,2121,25464,25230,321,3042,480,6351,3768,66,10179,1017,11517,12315
2013,1,Canterbury Region,20-24,Male,2496,29964,29751,177,2463,1731,13500,3681,897,5604,1701,6723,20463
2013,1,Gisborne Region,15-19,All,921,11052,10959,5547,1581,108,540,819,54,1653,654,1695,2508
2013,1,Gisborne Region,15-19,Female,471,5652,5592,3003,696,24,222,375,0,951,318,1098,1218
2013,1,Gisborne Region,15-19,Male,450,5400,5364,2547,882,81,318,447,51,699,333,594,1287
2013,1,Gisborne Region,20-24,All,894,10740,10590,39,1623,315,2133,1761,237,3483,1002,4890,4662
2013,1,Gisborne Region,20-24,Female,447,5364,5277,27,915,87,702,747,12,2406,384,3204,1779
2013,1,Gisborne Region,20-24,Male,450,5376,5313,12,708,228,1434,1017,225,1077,615,1686,2883
2013,1,Hawke's Bay Region,15-19,All,2310,27732,27498,14076,3255,159,1632,2064,126,4809,1383,3990,6591
2013,1,Hawke's Bay Region,15-19,Female,1149,13788,13665,7440,1692,51,465,894,0,2583,537,2361,2991
2013,1,Hawke's Bay Region,15-19,Male,1161,13944,13833,6636,1560,108,1164,1170,126,2226,846,1629,3603
2013,1,Hawke's Bay Region,20-24,All,2079,24936,24726,72,3372,618,5409,3774,525,9219,1731,11571,10887
2013,1,Hawke's Bay Region,20-24,Female,1080,12960,12840,60,2115,132,1794,1815,51,6195,672,7752,4395
2013,1,Hawke's Bay Region,20-24,Male,999,11976,11889,12,1257,486,3618,1956,474,3027,1056,3822,6492
2013,1,Manawatu-Wanganui Region,15-19,All,2982,35760,35532,19185,4575,279,1710,2115,165,6018,1485,6207,7668
2013,1,Manawatu-Wanganui Region,15-19,Female,1479,17724,17601,10014,2187,63,531,1047,6,3072,675,3654,3549
2013,1,Manawatu-Wanganui Region,15-19,Male,1503,18036,17931,9171,2385,213,1182,1068,159,2943,813,2553,4116
2013,1,Manawatu-Wanganui Region,20-24,All,2817,33780,33492,192,4236,837,7080,4905,774,13710,1761,16386,14475
2013,1,Manawatu-Wanganui Region,20-24,Female,1395,16764,16611,99,2295,207,2094,2682,45,8454,735,9912,5820
2013,1,Manawatu-Wanganui Region,20-24,Male,1419,17016,16881,93,1941,627,4986,2220,732,5253,1026,6474,8655
2013,1,Marlborough Region,15-19,All,393,4716,4692,2445,405,54,417,441,0,741,195,654,1497
2013,1,Marlborough Region,15-19,Female,189,2256,2244,1194,210,9,159,192,0,405,69,393,681
2013,1,Marlborough Region,15-19,Male,204,2460,2451,1251,192,42,255,252,0,336,126,258,816
2013,1,Marlborough Region,20-24,All,357,4284,4245,0,321,99,1353,837,72,1281,285,1638,2463
2013,1,Marlborough Region,20-24,Female,186,2232,2208,0,192,15,435,459,0,963,141,1134,993
2013,1,Marlborough Region,20-24,Male,171,2052,2037,0,126,81,915,378,72,315,147,504,1470
2013,1,Nelson Region,15-19,All,483,5808,5763,3147,528,24,441,600,21,765,240,858,1827
2013,1,Nelson Region,15-19,Female,249,2988,2955,1743,273,9,180,273,0,408,75,468,885
2013,1,Nelson Region,15-19,Male,234,2820,2808,1407,255,12,261,324,21,357,165,387,939
2013,1,Nelson Region,20-24,All,480,5748,5712,36,525,189,1695,939,171,1878,279,2349,3117
2013,1,Nelson Region,20-24,Female,228,2712,2682,24,276,33,549,459,6,1215,117,1467,1182
2013,1,Nelson Region,20-24,Male,255,3036,3027,12,249,156,1149,480,162,660,159,879,1938
2013,1,Northland Region,15-19,All,2685,32244,31974,16722,4581,216,1332,1530,117,6060,1413,5019,5328
2013,1,Northland Region,15-19,Female,1350,16224,16092,9096,2265,33,357,636,15,3057,633,3021,2388
2013,1,Northland Region,15-19,Male,1335,16020,15885,7632,2313,183,975,894,102,3003,783,1998,2940
2013,1,Northland Region,20-24,All,2319,27840,27558,84,3888,657,4731,3732,783,12231,1452,14898,10161
2013,1,Northland Region,20-24,Female,1167,13980,13836,60,2058,93,1545,1887,51,7596,540,9363,4059
2013,1,Northland Region,20-24,Male,1155,13860,13722,24,1830,564,3186,1842,732,4635,909,5535,6102
2013,1,Otago Region,15-19,All,1389,16680,16596,8994,2151,180,1050,1263,48,2319,588,2637,4932
2013,1,Otago Region,15-19,Female,678,8136,8082,4662,1053,33,342,633,0,1110,249,1407,2346
2013,1,Otago Region,15-19,Male,711,8544,8514,4329,1098,147,708,630,48,1206,342,1233,2583
2013,1,Otago Region,20-24,All,1377,16524,16356,93,2643,702,4296,2364,333,5052,873,6681,8718
2013,1,Otago Region,20-24,Female,672,8064,7977,33,1581,237,1581,1254,18,2949,321,3606,3909
2013,1,Otago Region,20-24,Male,705,8460,8376,60,1062,465,2715,1110,318,2100,552,3078,4809
2013,1,Southland Region,15-19,All,957,11508,11442,6012,1155,150,930,939,87,1722,450,1821,3471
2013,1,Southland Region,15-19,Female,480,5748,5721,3300,648,42,225,411,0,918,174,1065,1470
2013,1,Southland Region,15-19,Male,480,5760,5721,2712,507,111,705,528,87,804,276,753,2004
2013,1,Southland Region,20-24,All,954,11436,11349,141,1044,471,2874,1740,300,4164,612,5064,5688
2013,1,Southland Region,20-24,Female,507,6072,6027,51,564,111,1065,1074,15,2874,276,3186,2544
2013,1,Southland Region,20-24,Male,447,5364,5322,90,480,363,1809,669,282,1290,339,1878,3141
2013,1,Taranaki Region,15-19,All,1236,14832,14733,7977,1596,114,924,1053,60,2385,621,1884,3396
2013,1,Taranaki Region,15-19,Female,600,7188,7137,4026,792,21,294,540,0,1170,288,1089,1512
2013,1,Taranaki Region,15-19,Male,639,7644,7593,3948,804,93,630,513,57,1215,336,795,1884
2013,1,Taranaki Region,20-24,All,1197,14376,14250,27,1527,390,4173,2148,270,4923,789,5424,7383
2013,1,Taranaki Region,20-24,Female,597,7164,7107,18,909,75,1296,1221,12,3246,327,3594,2937
2013,1,Taranaki Region,20-24,Male,600,7212,7143,12,618,315,2877,927,258,1674,462,1827,4446
2013,1,Tasman Region,15-19,All,315,3756,3741,2166,276,30,372,369,0,351,174,339,1311
2013,1,Tasman Region,15-19,Female,147,1764,1752,1053,147,0,99,147,0,246,57,237,573
2013,1,Tasman Region,15-19,Male,165,1992,1989,1113,129,30,273,222,0,105,117,102,738
2013,1,Tasman Region,20-24,All,273,3300,3273,15,345,117,1116,555,30,894,201,1119,1998
2013,1,Tasman Region,20-24,Female,120,1452,1452,0,186,30,375,231,0,573,51,600,744
2013,1,Tasman Region,20-24,Male,156,1848,1824,12,162,87,741,324,27,324,147,519,1254
2013,1,Waikato Region,15-19,All,5097,61140,60588,30291,7677,444,3324,4086,219,11883,2661,8943,12630
2013,1,Waikato Region,15-19,Female,2496,29976,29691,15537,3768,108,876,1908,6,6297,1191,5283,5508
2013,1,Waikato Region,15-19,Male,2595,31164,30900,14757,3909,336,2448,2181,213,5586,1470,3660,7122
2013,1,Waikato Region,20-24,All,4893,58716,58119,168,7920,1875,13368,7713,1299,22737,3033,25638,25821
2013,1,Waikato Region,20-24,Female,2463,29544,29217,87,4968,426,4104,3873,30,14577,1149,16443,10200
2013,1,Waikato Region,20-24,Male,2430,29172,28899,81,2949,1449,9264,3843,1269,8160,1887,9198,15624
2013,1,Wellington Region,15-19,All,3714,44556,44166,24066,6222,213,2223,2829,75,6747,1797,6150,9510
2013,1,Wellington Region,15-19,Female,1812,21744,21525,12387,3021,78,642,1287,0,3336,777,3474,4290
2013,1,Wellington Region,15-19,Male,1902,22812,22641,11676,3201,135,1581,1542,72,3414,1020,2676,5223
2013,1,Wellington Region,20-24,All,3846,46164,45648,369,6519,1173,11940,7293,720,15312,2319,19071,23493
2013,1,Wellington Region,20-24,Female,1914,22980,22653,225,3801,318,4539,3582,12,9234,942,11694,10227
2013,1,Wellington Region,20-24,Male,1932,23184,22995,147,2718,852,7401,3708,708,6081,1380,7377,13266
2013,1,West Coast Region,15-19,All,294,3540,3519,1902,330,78,324,303,0,480,99,606,1338
2013,1,West Coast Region,15-19,Female,150,1788,1779,1002,135,0,120,180,0,297,36,333,696
2013,1,West Coast Region,15-19,Male,144,1752,1743,900,195,75,204,126,0,183,60,276,645
2013,1,West Coast Region,20-24,All,336,4008,3966,33,468,156,1218,558,42,1314,177,1572,2124
2013,1,West Coast Region,20-24,Female,168,2004,1974,21,231,51,408,348,0,840,72,963,897
2013,1,West Coast Region,20-24,Male,165,2004,1992,12,234,105,810,213,42,477,105,609,1227
2014,0,Auckland Region,15-19,All,86022,1032264,1008864,685671,152208,6570,46125,48159,258,40632,29235,25731,280971
2014,0,Auckland Region,15-19,Female,42015,504180,491781,336513,80604,843,16698,24108,9,19317,13689,14517,139740
2014,0,Auckland Region,15-19,Male,44007,528084,517080,349161,71601,5730,29427,24048,252,21315,15549,11214,141228
2014,0,Auckland Region,20-24,All,91182,1094172,1058904,2493,332781,33459,395847,124623,1458,117186,51063,110151,741372
2014,0,Auckland Region,20-24,Female,45288,543456,524097,1140,181302,6024,178512,62994,87,69420,24615,69594,354291
2014,0,Auckland Region,20-24,Male,45894,550716,534810,1353,151479,27429,217335,61629,1368,47769,26448,40557,387078
2014,0,Bay of Plenty Region,15-19,All,15741,188916,186210,128619,20799,1821,10554,10518,60,9042,4797,7479,63756
2014,0,Bay of Plenty Region,15-19,Female,7608,91272,89817,64020,10368,228,3492,5256,0,4404,2046,4182,31545
2014,0,Bay of Plenty Region,15-19,Male,8136,97644,96393,64596,10431,1590,7062,5259,60,4638,2751,3297,32214
2014,0,Bay of Plenty Region,20-24,All,12267,147204,143649,327,32145,6105,55392,20055,459,22209,6957,25620,99237
2014,0,Bay of Plenty Region,20-24,Female,5913,70944,69225,180,18024,1116,21834,10968,45,13743,3312,15759,43860
2014,0,Bay of Plenty Region,20-24,Male,6354,76260,74424,147,14118,4986,33558,9090,414,8466,3645,9858,55377
2014,0,Canterbury Region,15-19,All,31089,373044,367245,241929,51951,5496,31710,19476,138,9447,7095,7482,157026
2014,0,Canterbury Region,15-19,Female,14874,178512,175452,120027,25710,681,10923,10506,6,4605,2991,4233,76563
2014,0,Canterbury Region,15-19,Male,16212,194532,191793,121899,26241,4815,20787,8970,132,4842,4107,3246,80463
2014,0,Canterbury Region,20-24,All,32808,393672,383646,2388,112071,21300,168039,37761,480,28785,12813,27081,302409
2014,0,Canterbury Region,20-24,Female,15150,181788,176850,1254,56817,3468,70266,21537,0,17691,5814,17253,135447
2014,0,Canterbury Region,20-24,Male,17658,211884,206793,1134,55248,17835,97773,16224,480,11097,6999,9831,166962
2014,0,Gisborne Region,15-19,All,2583,30972,30564,20739,3687,330,1752,1587,18,1659,798,1344,10614
2014,0,Gisborne Region,15-19,Female,1266,15216,15006,10461,1797,93,510,810,0,957,381,864,5091
2014,0,Gisborne Region,15-19,Male,1314,15756,15561,10275,1890,237,1245,777,18,702,417,480,5526
2014,0,Gisborne Region,20-24,All,2076,24924,24483,66,5772,1440,8142,3513,111,4167,1269,5205,16125
2014,0,Gisborne Region,20-24,Female,954,11448,11238,42,3036,237,2769,1878,0,2706,570,3417,6342
2014,0,Gisborne Region,20-24,Male,1125,13476,13245,27,2739,1203,5373,1635,108,1464,699,1788,9783
2014,0,Hawke's Bay Region,15-19,All,8763,105144,103758,72462,11691,759,5865,5214,84,5043,2640,4899,35865
2014,0,Hawke's Bay Region,15-19,Female,4239,50868,50160,36312,5634,138,2094,2505,6,2361,1107,2619,18246
2014,0,Hawke's Bay Region,15-19,Male,4521,54276,53601,36153,6057,618,3771,2712,75,2679,1533,2280,17619
2014,0,Hawke's Bay Region,20-24,All,6573,78876,77079,219,18276,3447,29733,10452,279,11199,3471,13854,54468
2014,0,Hawke's Bay Region,20-24,Female,3192,38304,37509,84,10023,750,12171,5664,15,7191,1614,8853,24465
2014,0,Hawke's Bay Region,20-24,Male,3381,40572,39570,135,8253,2697,17562,4791,264,4008,1860,5001,30003
2014,0,Manawatu-Wanganui Region,15-19,All,12597,151164,149451,100599,18390,1413,9456,8262,42,7761,3528,7398,50793
2014,0,Manawatu-Wanganui Region,15-19,Female,6111,73320,72447,49869,9480,264,3267,4320,0,3681,1560,4038,25203
2014,0,Manawatu-Wanganui Region,15-19,Male,6486,77844,77007,50733,8904,1146,6189,3942,42,4080,1971,3360,25590
2014,0,Manawatu-Wanganui Region,20-24,All,12378,148548,145761,546,43650,7167,52104,17058,222,19038,5979,22665,100809
2014,0,Manawatu-Wanganui Region,20-24,Female,6129,73572,72081,303,24834,1539,20880,9798,15,11787,2928,13293,46281
2014,0,Manawatu-Wanganui Region,20-24,Male,6246,74976,73680,243,18816,5625,31221,7260,210,7251,3051,9372,54528
2014,0,Marlborough Region,15-19,All,2121,25464,25185,17841,2127,258,2253,1479,0,717,507,780,11097
2014,0,Marlborough Region,15-19,Female,1032,12384,12225,9144,972,36,753,747,0,375,201,402,5418
2014,0,Marlborough Region,15-19,Male,1092,13080,12960,8700,1155,225,1500,729,0,345,309,378,5679
2014,0,Marlborough Region,20-24,All,1707,20484,19983,66,3534,1293,9423,2871,24,1965,807,2079,15891
2014,0,Marlborough Region,20-24,Female,753,9024,8778,30,1773,264,3561,1557,0,1233,360,1257,6504
2014,0,Marlborough Region,20-24,Male,957,11460,11205,36,1761,1026,5862,1317,24,729,447,819,9384
2014,0,Nelson Region,15-19,All,2703,32424,31878,23022,2835,294,2064,1935,0,1068,660,1152,12708
2014,0,Nelson Region,15-19,Female,1305,15648,15360,11352,1416,51,747,978,0,519,288,585,6276
2014,0,Nelson Region,15-19,Male,1398,16776,16515,11670,1419,240,1314,954,0,546,369,570,6432
2014,0,Nelson Region,20-24,All,2154,25836,25302,177,6279,1182,10035,3549,99,2979,996,3861,18657
2014,0,Nelson Region,20-24,Female,1020,12252,11964,114,3297,213,4167,1905,0,1836,432,2298,8424
2014,0,Nelson Region,20-24,Male,1131,13584,13338,60,2982,972,5868,1647,99,1143,567,1560,10233
2014,0,Northland Region,15-19,All,8205,98472,97278,65544,10182,1284,6171,5424,69,6039,2565,5163,29901
2014,0,Northland Region,15-19,Female,3954,47436,46827,33042,4842,183,2145,2694,0,2751,1170,2724,14082
2014,0,Northland Region,15-19,Male,4251,51036,50448,32502,5340,1101,4023,2730,72,3288,1398,2439,15819
2014,0,Northland Region,20-24,All,6216,74580,73152,174,13062,3570,27951,9972,282,14694,3447,15726,48879
2014,0,Northland Region,20-24,Female,2973,35688,34989,99,7323,741,10872,5403,18,8883,1650,9603,21108
2014,0,Northland Region,20-24,Male,3243,38892,38160,75,5739,2832,17079,4569,264,5811,1794,6126,27771
2014,0,Otago Region,15-19,All,11967,143628,141342,83226,32655,1575,9234,7425,45,3771,3405,4062,56733
2014,0,Otago Region,15-19,Female,5883,70584,69255,40740,17736,228,3255,3969,0,1842,1482,2241,28212
2014,0,Otago Region,15-19,Male,6087,73044,72084,42486,14916,1347,5979,3453,45,1929,1923,1821,28521
2014,0,Otago Region,20-24,All,14823,177864,172092,228,75624,6696,53505,17613,294,11028,7113,15150,116286
2014,0,Otago Region,20-24,Female,7254,87036,83883,27,40683,1209,23247,9594,12,5895,3216,7890,55782
2014,0,Otago Region,20-24,Male,7569,90828,88212,201,34941,5487,30258,8019,285,5133,3891,7260,60504
2014,0,Southland Region,15-19,All,5211,62532,61956,42531,7728,1017,4845,2961,15,1704,1158,1779,27081
2014,0,Southland Region,15-19,Female,2535,30420,30087,21921,3663,153,1515,1620,0,783,435,930,12927
2014,0,Southland Region,15-19,Male,2676,32112,31869,20607,4065,864,3330,1341,12,924,726,849,14154
2014,0,Southland Region,20-24,All,4791,57492,56478,183,13488,3897,24726,6051,192,5565,2376,6948,43005
2014,0,Southland Region,20-24,Female,2184,26196,25716,99,7176,723,9471,3708,12,3558,972,3996,18363
2014,0,Southland Region,20-24,Male,2610,31296,30759,84,6312,3174,15255,2340,183,2007,1404,2949,24639
2014,0,Taranaki Region,15-19,All,6330,75972,75048,51552,8817,1080,4590,3942,36,3240,1785,2496,27747
2014,0,Taranaki Region,15-19,Female,3042,36516,36012,25269,4476,168,1581,2199,0,1578,741,1347,13734
2014,0,Taranaki Region,15-19,Male,3288,39456,39036,26283,4341,912,3012,1746,36,1662,1047,1149,14010
2014,0,Taranaki Region,20-24,All,5487,65856,64515,129,13155,4233,28575,7719,141,8004,2559,7680,48252
2014,0,Taranaki Region,20-24,Female,2508,30096,29439,45,7125,720,10893,4464,9,5052,1137,4587,20202
2014,0,Taranaki Region,20-24,Male,2979,35760,35076,84,6030,3513,17682,3255,135,2955,1422,3090,28050
2014,0,Tasman Region,15-19,All,2757,33084,32682,23514,3060,492,2490,1800,0,771,558,687,14454
2014,0,Tasman Region,15-19,Female,1251,14988,14790,11082,1413,36,912,801,0,357,189,408,6597
2014,0,Tasman Region,15-19,Male,1509,18096,17889,12432,1644,456,1578,996,0,414,369,279,7857
2014,0,Tasman Region,20-24,All,1857,22296,21723,120,5148,1689,9081,2703,9,2175,795,2385,16647
2014,0,Tasman Region,20-24,Female,849,10164,9858,27,2637,219,3480,1668,0,1458,369,1524,7002
2014,0,Tasman Region,20-24,Male,1011,12132,11865,93,2511,1473,5604,1035,9,717,429,864,9645
2014,0,Waikato Region,15-19,All,24180,290160,286245,187101,36552,4284,20121,15933,72,14595,7584,11109,99309
2014,0,Waikato Region,15-19,Female,11673,140052,137922,93345,19512,423,6072,8280,6,6969,3315,6192,47313
2014,0,Waikato Region,15-19,Male,12507,150108,148320,93756,17037,3864,14049,7653,66,7626,4269,4920,51996
2014,0,Waikato Region,20-24,All,23178,278160,272460,735,69399,13644,106626,32010,582,37383,12081,39444,193128
2014,0,Waikato Region,20-24,Female,11256,135072,132000,312,39279,2370,42843,17955,9,23496,5733,24066,86922
2014,0,Waikato Region,20-24,Male,11925,143088,140460,423,30120,11274,63783,14055,570,13887,6345,15381,106206
2014,0,Wellington Region,15-19,All,27213,326568,320760,211131,52164,1590,15120,18876,42,13221,8613,10980,101613
2014,0,Wellington Region,15-19,Female,13410,160908,157725,103539,28329,288,6009,9792,0,5892,3876,5673,53937
2014,0,Wellington Region,15-19,Male,13806,165660,163035,107595,23835,1302,9111,9084,39,7329,4737,5304,47676
2014,0,Wellington Region,20-24,All,31197,374364,364410,822,124644,10422,131424,43266,357,38139,15333,43233,263634
2014,0,Wellington Region,20-24,Female,15630,187536,182040,450,67959,2232,61053,22044,18,21132,7149,24093,129633
2014,0,Wellington Region,20-24,Male,15570,186828,182370,369,56685,8190,70371,21225,336,17010,8184,19137,134004
2014,0,West Coast Region,15-19,All,1515,18180,18042,11730,1764,498,1788,1041,0,846,378,801,8373
2014,0,West Coast Region,15-19,Female,699,8400,8322,5760,819,90,522,555,0,420,153,468,3993
2014,0,West Coast Region,15-19,Male,816,9780,9717,5970,945,405,1266,483,0,426,222,333,4386
2014,0,West Coast Region,20-24,All,1320,15828,15558,21,2364,1077,7713,1740,15,2061,564,2040,12159
2014,0,West Coast Region,20-24,Female,597,7164,7038,9,1251,279,2760,1116,0,1368,252,1230,4983
2014,0,West Coast Region,20-24,Male,723,8664,8523,12,1113,798,4953,624,18,696,309,807,7173
2014,1,Auckland Region,15-19,All,12717,152604,150846,80856,23274,480,8079,8553,531,22254,6819,17472,29937
2014,1,Auckland Region,15-19,Female,6381,76548,75579,41343,12825,60,2394,3492,63,12126,3279,10743,12768
2014,1,Auckland Region,15-19,Male,6339,76056,75267,39510,10446,417,5688,5064,468,10128,3543,6729,17166
2014,1,Auckland Region,20-24,All,12648,151764,149715,684,24312,2847,41862,20091,2247,50016,7650,57375,74085
2014,1,Auckland Region,20-24,Female,6588,79068,77904,345,15732,588,15537,9510,243,32208,3741,38961,31323
2014,1,Auckland Region,20-24,Male,6057,72696,71811,336,8580,2259,26328,10581,2001,17811,3909,18414,42762
2014,1,Bay of Plenty Region,15-19,All,3759,45120,44742,21918,6732,222,2634,3048,294,7401,2496,6615,9765
2014,1,Bay of Plenty Region,15-19,Female,1860,22332,22155,11130,3444,27,915,1524,0,3969,1140,4089,4689
2014,1,Bay of Plenty Region,15-19,Male,1899,22788,22590,10788,3288,195,1719,1521,291,3435,1353,2526,5076
2014,1,Bay of Plenty Region,20-24,All,3651,43812,43422,219,5880,1005,9330,6387,984,16917,2697,20502,18708
2014,1,Bay of Plenty Region,20-24,Female,1818,21816,21594,147,3396,201,3126,3015,60,10632,1020,12744,7476
2014,1,Bay of Plenty Region,20-24,Male,1833,21996,21825,69,2487,804,6204,3375,924,6285,1680,7755,11232
2014,1,Canterbury Region,15-19,All,4188,50280,49962,24309,5685,624,5592,4329,219,7035,2172,5631,17376
2014,1,Canterbury Region,15-19,Female,2079,24948,24780,12927,3141,135,1659,2259,21,3639,996,3420,8109
2014,1,Canterbury Region,15-19,Male,2112,25332,25182,11382,2541,489,3933,2070,195,3399,1173,2208,9264
2014,1,Canterbury Region,20-24,All,4815,57768,57336,441,5919,2154,22389,7746,924,15024,2736,17139,36084
2014,1,Canterbury Region,20-24,Female,2220,26640,26412,288,3273,405,7233,3978,39,10248,954,11430,13644
2014,1,Canterbury Region,20-24,Male,2595,31128,30921,156,2646,1752,15162,3768,885,4776,1782,5709,22443
2014,1,Gisborne Region,15-19,All,894,10740,10647,5358,1605,90,609,738,42,1644,561,1749,2505
2014,1,Gisborne Region,15-19,Female,450,5412,5349,2802,717,18,204,369,12,984,243,1113,1173
2014,1,Gisborne Region,15-19,Male,444,5328,5298,2559,888,69,405,372,27,663,318,636,1332
2014,1,Gisborne Region,20-24,All,900,10776,10689,51,1614,339,2220,1707,303,3549,906,4584,4803
2014,1,Gisborne Region,20-24,Female,441,5292,5238,48,897,72,780,687,15,2406,336,2964,1821
2014,1,Gisborne Region,20-24,Male,456,5484,5448,0,717,267,1440,1020,288,1143,570,1620,2982
2014,1,Hawke's Bay Region,15-19,All,2247,26964,26739,13743,3807,141,1392,1782,129,4422,1326,4209,5736
2014,1,Hawke's Bay Region,15-19,Female,1149,13788,13689,7503,1968,33,423,744,6,2517,504,2649,2499
2014,1,Hawke's Bay Region,15-19,Male,1098,13176,13050,6243,1842,111,966,1038,123,1905,825,1560,3240
2014,1,Hawke's Bay Region,20-24,All,2157,25860,25587,75,3765,579,5715,3906,522,9201,1824,11610,11514
2014,1,Hawke's Bay Region,20-24,Female,1098,13164,13026,75,2229,126,1950,1866,30,6033,717,7557,4635
2014,1,Hawke's Bay Region,20-24,Male,1056,12696,12561,0,1533,453,3768,2040,492,3171,1107,4053,6879
2014,1,Manawatu-Wanganui Region,15-19,All,2865,34404,34191,18195,4737,300,1815,2082,129,5409,1518,6252,7407
2014,1,Manawatu-Wanganui Region,15-19,Female,1410,16932,16833,9537,2310,72,570,1077,0,2610,657,3438,3486
2014,1,Manawatu-Wanganui Region,15-19,Male,1455,17472,17361,8658,2430,231,1245,1005,129,2799,861,2814,3918
2014,1,Manawatu-Wanganui Region,20-24,All,2952,35448,35166,213,5028,1005,8235,4698,666,13341,1980,16443,15975
2014,1,Manawatu-Wanganui Region,20-24,Female,1443,17304,17175,180,2862,228,2580,2523,36,7959,807,9786,6372
2014,1,Manawatu-Wanganui Region,20-24,Male,1512,18144,17994,33,2166,777,5655,2172,630,5382,1176,6657,9603
2014,1,Marlborough Region,15-19,All,378,4524,4500,2103,528,51,495,483,0,603,234,666,1542
2014,1,Marlborough Region,15-19,Female,168,2016,2007,900,243,36,150,237,0,336,102,360,708
2014,1,Marlborough Region,15-19,Male,210,2508,2493,1200,285,12,348,246,0,267,129,309,834
2014,1,Marlborough Region,20-24,All,375,4500,4476,0,342,165,1428,822,63,1380,270,1584,2568
2014,1,Marlborough Region,20-24,Female,195,2328,2310,0,189,45,513,468,0,978,111,1092,1119
2014,1,Marlborough Region,20-24,Male,183,2172,2166,0,153,123,921,354,60,402,156,495,1452
2014,1,Nelson Region,15-19,All,450,5424,5352,2970,600,33,270,453,6,753,267,786,1401
2014,1,Nelson Region,15-19,Female,234,2820,2790,1620,357,6,81,186,0,423,114,477,690
2014,1,Nelson Region,15-19,Male,219,2604,2562,1350,243,27,189,264,0,327,153,312,711
2014,1,Nelson Region,20-24,All,540,6492,6435,33,672,231,1938,951,207,2106,297,2547,3495
2014,1,Nelson Region,20-24,Female,231,2760,2739,21,372,39,525,426,12,1242,99,1479,1197
2014,1,Nelson Region,20-24,Male,312,3732,3696,12,297,192,1413,525,195,864,201,1068,2295
2014,1,Northland Region,15-19,All,2706,32460,32235,16335,4893,144,1482,1779,150,5859,1596,5295,5769
2014,1,Northland Region,15-19,Female,1344,16152,16038,8688,2130,36,447,816,15,3138,765,3102,2631
2014,1,Northland Region,15-19,Male,1359,16308,16200,7647,2763,108,1035,963,132,2721,828,2193,3135
2014,1,Northland Region,20-24,All,2382,28584,28356,60,3705,606,5883,4077,675,11814,1539,14445,11754
2014,1,Northland Region,20-24,Female,1200,14376,14259,24,2019,153,2049,1920,66,7437,591,9075,4677
2014,1,Northland Region,20-24,Male,1185,14208,14100,36,1683,456,3831,2160,606,4377,948,5367,7080
2014,1,Otago Region,15-19,All,1362,16344,16278,8457,2676,171,960,1146,84,2127,657,2367,4761
2014,1,Otago Region,15-19,Female,660,7920,7878,4320,1242,42,342,603,0,1065,258,1173,2325
2014,1,Otago Region,15-19,Male,702,8424,8403,4140,1434,126,618,546,78,1062,399,1194,2436
2014,1,Otago Region,20-24,All,1446,17340,17211,66,2544,675,4812,2418,264,5622,816,7113,9141
2014,1,Otago Region,20-24,Female,708,8496,8427,24,1425,183,1983,1269,12,3216,318,3882,4185
2014,1,Otago Region,20-24,Male,738,8844,8784,42,1116,492,2829,1149,252,2403,498,3231,4959
2014,1,Southland Region,15-19,All,972,11688,11622,6180,1218,162,963,1026,63,1449,570,1713,3678
2014,1,Southland Region,15-19,Female,495,5928,5880,3420,732,33,267,474,0,684,258,996,1668
2014,1,Southland Region,15-19,Male,480,5760,5748,2757,486,129,696,552,57,765,309,717,2013
2014,1,Southland Region,20-24,All,927,11124,11028,84,1098,471,3171,1644,219,3564,780,4716,5880
2014,1,Southland Region,20-24,Female,480,5760,5730,48,612,129,1134,894,15,2544,354,2997,2469
2014,1,Southland Region,20-24,Male,447,5364,5298,36,483,342,2037,747,204,1020,426,1719,3408
2014,1,Taranaki Region,15-19,All,1212,14556,14448,8130,1494,144,969,873,48,2163,624,1746,3222
2014,1,Taranaki Region,15-19,Female,588,7080,7014,4044,855,36,291,441,0,1083,261,1023,1521
2014,1,Taranaki Region,15-19,Male,621,7476,7434,4086,642,108,678,432,48,1080,360,723,1701
2014,1,Taranaki Region,20-24,All,1239,14844,14739,51,1575,627,4338,2013,174,5142,819,5445,7611
2014,1,Taranaki Region,20-24,Female,612,7368,7329,27,978,141,1290,1068,0,3495,327,3618,2832
2014,1,Taranaki Region,20-24,Male,624,7476,7413,24,597,483,3045,945,174,1650,492,1827,4776
2014,1,Tasman Region,15-19,All,315,3768,3750,2163,348,54,300,333,0,411,138,396,1266
2014,1,Tasman Region,15-19,Female,150,1812,1800,981,192,0,129,216,0,210,69,255,663
2014,1,Tasman Region,15-19,Male,162,1956,1950,1182,153,51,168,114,0,201,72,141,603
2014,1,Tasman Region,20-24,All,282,3372,3336,27,249,204,1209,585,27,870,159,900,2151
2014,1,Tasman Region,20-24,Female,129,1536,1521,12,147,27,396,312,0,549,78,540,804
2014,1,Tasman Region,20-24,Male,153,1836,1815,15,102,177,813,276,27,324,81,360,1347
2014,1,Waikato Region,15-19,All,5097,61164,60780,29676,8895,453,3675,3789,195,11367,2733,9006,13098
2014,1,Waikato Region,15-19,Female,2523,30288,30060,15156,4731,96,1020,1815,0,6069,1170,5160,5706
2014,1,Waikato Region,15-19,Male,2571,30876,30723,14517,4164,354,2655,1974,195,5295,1563,3843,7392
2014,1,Waikato Region,20-24,All,5166,62004,61491,252,8436,2013,15699,8100,1152,22809,3033,26169,28785
2014,1,Waikato Region,20-24,Female,2547,30576,30312,144,5217,456,4929,3984,42,14286,1263,16473,11115
2014,1,Waikato Region,20-24,Male,2619,31428,31179,108,3219,1557,10770,4113,1113,8526,1773,9693,17667
2014,1,Wellington Region,15-19,All,3693,44292,43932,23472,6372,150,2301,2940,129,6750,1815,6567,9369
2014,1,Wellington Region,15-19,Female,1857,22272,22068,12006,3363,36,816,1410,0,3615,819,3747,4482
2014,1,Wellington Region,15-19,Male,1836,22020,21864,11463,3009,117,1482,1527,126,3138,999,2820,4887
2014,1,Wellington Region,20-24,All,3927,47136,46623,165,7017,1032,13449,6801,597,15312,2247,18579,24438
2014,1,Wellington Region,20-24,Female,1938,23256,22971,93,4050,309,5121,3249,12,9129,1008,11391,10407
2014,1,Wellington Region,20-24,Male,1989,23880,23655,72,2964,726,8328,3552,588,6183,1239,7188,14034
2014,1,West Coast Region,15-19,All,276,3324,3291,1788,435,12,321,270,0,357,111,477,1059
2014,1,West Coast Region,15-19,Female,132,1572,1566,795,219,0,150,171,0,180,57,243,591
2014,1,West Coast Region,15-19,Male,147,1752,1728,993,216,12,171,99,0,180,57,234,468
2014,1,West Coast Region,20-24,All,351,4224,4203,6,492,171,1371,531,39,1365,222,1653,2292
2014,1,West Coast Region,20-24,Female,186,2232,2214,9,258,54,483,321,0,990,99,1059,945
2014,1,West Coast Region,20-24,Male,168,1992,1986,0,237,117,888,213,36,375,123,591,1347
2015,0,Auckland Region,15-19,All,86538,1038456,1013643,691491,149637,3651,51675,47949,234,43116,25887,22821,289470
2015,0,Auckland Region,15-19,Female,42147,505764,492642,339207,79209,696,18261,23334,9,19890,12036,12858,142800
2015,0,Auckland Region,15-19,Male,44391,532692,520998,352284,70428,2955,33414,24615,225,23226,13848,9963,146670
2015,0,Auckland Region,20-24,All,91611,1099344,1062279,2478,331137,18519,420333,120033,1452,120477,47847,97515,747786
2015,0,Auckland Region,20-24,Female,45114,541356,520821,1053,179445,4638,184155,60894,78,67284,23271,61503,357240
2015,0,Auckland Region,20-24,Male,46500,557988,541458,1425,151692,13878,236178,59139,1377,53193,24576,36012,390543
2015,0,Bay of Plenty Region,15-19,All,16050,192600,189795,130662,21132,1191,12345,10593,69,9468,4341,6939,66315
2015,0,Bay of Plenty Region,15-19,Female,7728,92724,91218,64101,11028,213,4185,5364,15,4416,1899,3714,33144
2015,0,Bay of Plenty Region,15-19,Male,8325,99876,98580,66564,10104,978,8163,5226,54,5055,2442,3225,33168
2015,0,Bay of Plenty Region,20-24,All,12531,150372,146781,267,32148,3603,60051,19749,480,24108,6375,23853,101592
2015,0,Bay of Plenty Region,20-24,Female,5898,70752,68916,114,17466,798,23472,10563,30,13497,2973,14229,44688
2015,0,Bay of Plenty Region,20-24,Male,6636,79620,77868,150,14685,2805,36579,9186,447,10611,3402,9624,56901
2015,0,Canterbury Region,15-19,All,31236,374856,368739,246033,51564,2628,32163,18642,153,10854,6705,7761,154209
2015,0,Canterbury Region,15-19,Female,14946,179328,176217,121761,24903,588,10962,10044,9,5124,2826,4395,75855
2015,0,Canterbury Region,15-19,Male,16296,195528,192522,124269,26664,2040,21198,8601,144,5727,3876,3366,78351
2015,0,Canterbury Region,20-24,All,32949,395364,385149,2292,112545,11901,177228,37209,570,31722,11685,25386,300618
2015,0,Canterbury Region,20-24,Female,15129,181560,176721,1215,56391,2658,72759,20592,18,17808,5277,15516,134985
2015,0,Canterbury Region,20-24,Male,17817,213804,208431,1074,56154,9246,104466,16617,552,13914,6408,9873,165633
2015,0,Gisborne Region,15-19,All,2553,30648,30330,20613,3402,216,1890,1635,12,1761,801,1443,10635
2015,0,Gisborne Region,15-19,Female,1257,15084,14910,10191,1698,42,645,852,0,1089,393,933,5082
2015,0,Gisborne Region,15-19,Male,1296,15564,15420,10422,1704,171,1245,780,12,672,411,510,5553
2015,0,Gisborne Region,20-24,All,2007,24084,23679,90,5232,861,8847,3285,81,4110,1179,4884,15696
2015,0,Gisborne Region,20-24,Female,951,11412,11208,51,2973,228,3081,1737,0,2595,540,3198,6492
2015,0,Gisborne Region,20-24,Male,1056,12672,12468,36,2259,630,5763,1545,72,1518,642,1686,9201
2015,0,Hawke's Bay Region,15-19,All,8817,105804,104457,73161,11541,597,6480,5253,51,4992,2379,4467,36108
2015,0,Hawke's Bay Region,15-19,Female,4287,51444,50706,36921,5469,135,2283,2610,0,2316,969,2421,18129
2015,0,Hawke's Bay Region,15-19,Male,4530,54360,53754,36243,6072,462,4197,2643,51,2676,1410,2046,17982
2015,0,Hawke's Bay Region,20-24,All,6693,80328,78417,282,17703,2415,32679,9966,234,11643,3495,12897,55236
2015,0,Hawke's Bay Region,20-24,Female,3213,38556,37620,138,9741,621,12876,5499,0,7164,1581,7980,24576
2015,0,Hawke's Bay Region,20-24,Male,3480,41772,40800,147,7962,1794,19803,4467,231,4479,1914,4917,30660
2015,0,Manawatu-Wanganui Region,15-19,All,12612,151356,149535,100452,17889,1329,10536,8235,78,7815,3198,7152,50880
2015,0,Manawatu-Wanganui Region,15-19,Female,6132,73572,72618,49917,9303,330,3684,4254,0,3720,1410,3717,25527
2015,0,Manawatu-Wanganui Region,15-19,Male,6483,77784,76914,50538,8586,1002,6849,3984,75,4095,1785,3435,25350
2015,0,Manawatu-Wanganui Region,20-24,All,12288,147468,144681,594,41619,4560,55737,16476,321,20094,5286,21831,100494
2015,0,Manawatu-Wanganui Region,20-24,Female,6024,72288,70911,312,24015,1068,21678,9240,12,12111,2472,12621,45660
2015,0,Manawatu-Wanganui Region,20-24,Male,6264,75180,73770,282,17598,3489,34059,7236,306,7983,2814,9213,54831
2015,0,Marlborough Region,15-19,All,2130,25536,25218,18165,1836,252,2271,1422,0,816,450,600,11469
2015,0,Marlborough Region,15-19,Female,1011,12120,11952,9051,828,66,714,750,0,357,186,318,5634
2015,0,Marlborough Region,15-19,Male,1116,13416,13269,9114,1011,186,1554,675,0,459,264,285,5832
2015,0,Marlborough Region,20-24,All,1698,20376,19905,54,3447,762,9582,2646,21,2538,849,2304,15102
2015,0,Marlborough Region,20-24,Female,756,9060,8865,33,1791,132,3489,1455,0,1608,351,1371,6099
2015,0,Marlborough Region,20-24,Male,945,11316,11037,21,1656,627,6090,1191,21,930,501,936,9006
2015,0,Nelson Region,15-19,All,2694,32340,31734,22800,3009,237,2235,1890,12,1014,543,1011,12831
2015,0,Nelson Region,15-19,Female,1317,15816,15510,11610,1491,72,777,873,0,474,213,564,6378
2015,0,Nelson Region,15-19,Male,1377,16524,16224,11187,1518,165,1458,1014,9,540,330,447,6453
2015,0,Nelson Region,20-24,All,2133,25608,24978,231,5658,696,11136,3111,66,3162,918,3261,18435
2015,0,Nelson Region,20-24,Female,1014,12180,11889,138,2841,147,4746,1671,6,1887,456,1896,8442
2015,0,Nelson Region,20-24,Male,1119,13428,13089,93,2814,549,6387,1440,60,1278,465,1362,9996
2015,0,Northland Region,15-19,All,8214,98556,97377,67545,8973,561,6543,5166,75,6225,2292,4821,30063
2015,0,Northland Region,15-19,Female,3978,47748,47136,34128,4152,108,2145,2643,0,2967,996,2709,14394
2015,0,Northland Region,15-19,Male,4233,50808,50241,33417,4821,450,4401,2526,75,3255,1296,2112,15669
2015,0,Northland Region,20-24,All,6285,75420,73770,201,12816,2148,30645,9546,303,14805,3309,14877,49146
2015,0,Northland Region,20-24,Female,2940,35280,34512,96,7224,552,11412,5208,27,8478,1512,8829,20925
2015,0,Northland Region,20-24,Male,3345,40140,39255,102,5592,1599,19233,4335,276,6324,1797,6048,28218
2015,0,Otago Region,15-19,All,11859,142332,139743,85632,30054,924,9186,7020,24,4098,2808,4128,55368
2015,0,Otago Region,15-19,Female,5862,70344,68967,42027,16380,177,3357,3816,9,1938,1266,2343,28482
2015,0,Otago Region,15-19,Male,6000,71988,70776,43605,13674,747,5829,3201,18,2157,1545,1785,26889
2015,0,Otago Region,20-24,All,14820,177840,172260,138,74781,4038,57957,16737,276,11895,6438,14334,116679
2015,0,Otago Region,20-24,Female,7218,86604,83718,21,40506,1098,24162,8991,0,6111,2826,7449,55917
2015,0,Otago Region,20-24,Male,7602,91236,88542,117,34278,2940,33792,7746,273,5784,3612,6885,60762
2015,0,Southland Region,15-19,All,5172,62052,61470,42330,6684,714,5664,2922,30,1884,1242,2073,26751
2015,0,Southland Region,15-19,Female,2499,29988,29682,21417,3459,138,1695,1593,0,882,489,1029,12762
2015,0,Southland Region,15-19,Male,2670,32064,31788,20913,3225,576,3966,1323,30,1002,753,1044,13989
2015,0,Southland Region,20-24,All,4737,56844,55608,213,12303,2328,26703,5901,195,5805,2163,6432,42651
2015,0,Southland Region,20-24,Female,2172,26052,25482,138,6792,573,10056,3537,0,3462,921,3732,18471
2015,0,Southland Region,20-24,Male,2565,30792,30129,72,5511,1758,16647,2361,195,2343,1239,2703,24180
2015,0,Taranaki Region,15-19,All,6333,75996,75096,51966,8061,624,5244,3927,33,3684,1551,2556,27354
2015,0,Taranaki Region,15-19,Female,3045,36540,36039,25965,4110,120,1521,2106,0,1506,708,1347,13530
2015,0,Taranaki Region,15-19,Male,3288,39456,39057,25998,3951,504,3723,1821,33,2178,843,1212,13827
2015,0,Taranaki Region,20-24,All,5328,63948,62598,72,12801,2697,28551,7536,159,8244,2541,7641,46167
2015,0,Taranaki Region,20-24,Female,2505,30084,29445,27,7041,726,10875,4482,0,5127,1164,4557,20013
2015,0,Taranaki Region,20-24,Male,2823,33864,33153,42,5757,1974,17673,3054,159,3117,1380,3084,26154
2015,0,Tasman Region,15-19,All,2775,33288,32904,24102,2895,300,2613,1701,9,786,495,720,14499
2015,0,Tasman Region,15-19,Female,1275,15276,15099,11700,1125,69,876,786,0,363,183,393,6567
2015,0,Tasman Region,15-19,Male,1503,18012,17805,12405,1767,234,1737,915,9,426,312,327,7929
2015,0,Tasman Region,20-24,All,1863,22380,21768,93,5046,780,9921,2868,15,2205,843,2193,16803
2015,0,Tasman Region,20-24,Female,816,9816,9537,24,2454,186,3612,1566,0,1359,336,1287,6876
2015,0,Tasman Region,20-24,Male,1047,12564,12234,69,2592,594,6312,1299,12,846,507,903,9924
2015,0,Waikato Region,15-19,All,24267,291192,287013,190134,35673,2391,21990,15288,63,14487,6990,10899,99336
2015,0,Waikato Region,15-19,Female,11778,141336,139161,95385,18588,417,6594,8004,0,7155,3015,5817,47652
2015,0,Waikato Region,15-19,Male,12489,149856,147855,94746,17085,1977,15396,7287,60,7329,3975,5082,51684
2015,0,Waikato Region,20-24,All,23298,279552,273360,702,69756,8403,113124,31143,540,38640,11055,37953,194253
2015,0,Waikato Region,20-24,Female,11253,135036,131835,390,39159,1998,44505,17373,21,23232,5160,22704,88119
2015,0,Waikato Region,20-24,Male,12042,144516,141522,309,30597,6408,68619,13770,519,15405,5895,15246,106137
2015,0,Wellington Region,15-19,All,27126,325524,319497,214860,50319,963,15699,17190,24,13146,7290,10896,98832
2015,0,Wellington Region,15-19,Female,13338,160056,156807,104913,27129,282,6375,9072,0,5700,3342,5508,52722
2015,0,Wellington Region,15-19,Male,13788,165468,162687,109947,23193,684,9327,8115,27,7446,3948,5385,46113
2015,0,Wellington Region,20-24,All,30768,369216,358704,978,122979,6288,135225,41562,345,37395,13935,40575,260061
2015,0,Wellington Region,20-24,Female,15486,185808,179937,441,68004,1752,62214,21255,18,19821,6429,22038,129213
2015,0,Wellington Region,20-24,Male,15282,183408,178770,534,54975,4539,73011,20307,324,17574,7509,18537,130848
2015,0,West Coast Region,15-19,All,1407,16860,16704,11166,1494,171,1788,981,0,822,276,699,7677
2015,0,West Coast Region,15-19,Female,660,7896,7800,5553,681,24,447,537,0,462,99,357,3657
2015,0,West Coast Region,15-19,Male,747,8964,8904,5616,810,147,1338,444,0,363,180,342,4017
2015,0,West Coast Region,20-24,All,1320,15864,15657,42,2349,696,7692,1647,12,2652,564,2193,11556
2015,0,West Coast Region,20-24,Female,591,7104,7011,42,1167,132,2679,1095,0,1626,270,1281,4611
2015,0,West Coast Region,20-24,Male,729,8760,8646,0,1182,567,5013,555,12,1026,294,912,6945
2015,1,Auckland Region,15-19,All,12411,148908,147099,78915,20754,366,9336,9069,528,21969,6165,16215,32064
2015,1,Auckland Region,15-19,Female,6249,74988,74001,40473,11412,75,2835,3897,45,12270,2994,10017,13818
2015,1,Auckland Region,15-19,Male,6162,73920,73098,38442,9342,291,6498,5172,486,9696,3171,6198,18246
2015,1,Auckland Region,20-24,All,12840,154080,151869,519,23760,2040,47268,19731,2229,48870,7452,54663,78762
2015,1,Auckland Region,20-24,Female,6627,79524,78300,258,15183,621,17991,9474,201,30972,3603,36960,33933
2015,1,Auckland Region,20-24,Male,6213,74556,73569,261,8574,1416,29280,10254,2028,17901,3849,17703,44829
2015,1,Bay of Plenty Region,15-19,All,3636,43608,43251,21366,6567,159,2760,2733,219,7302,2151,6435,9552
2015,1,Bay of Plenty Region,15-19,Female,1767,21204,21045,10527,3477,24,813,1272,12,3960,951,3999,4233
2015,1,Bay of Plenty Region,15-19,Male,1866,22404,22206,10836,3087,135,1947,1458,207,3342,1197,2436,5322
2015,1,Bay of Plenty Region,20-24,All,3708,44496,44013,222,6168,636,10410,6333,1068,16356,2814,19887,19377
2015,1,Bay of Plenty Region,20-24,Female,1863,22332,22071,87,3786,144,3576,3234,42,10095,1104,12453,8145
2015,1,Bay of Plenty Region,20-24,Male,1848,22164,21942,138,2382,492,6834,3102,1026,6264,1707,7434,11235
2015,1,Canterbury Region,15-19,All,3984,47832,47538,23352,5304,345,5472,3876,234,6960,1998,5949,16308
2015,1,Canterbury Region,15-19,Female,1980,23760,23592,12264,2823,102,1686,2016,12,3807,882,3678,7743
2015,1,Canterbury Region,15-19,Male,2007,24072,23946,11088,2481,243,3783,1857,222,3153,1116,2271,8568
2015,1,Canterbury Region,20-24,All,4851,58224,57747,411,5892,1533,22617,7713,978,15852,2751,16821,35391
2015,1,Canterbury Region,20-24,Female,2259,27132,26904,285,3141,453,7845,4125,42,9978,1038,10767,14301
2015,1,Canterbury Region,20-24,Male,2592,31092,30843,126,2748,1080,14772,3585,939,5877,1710,6057,21090
2015,1,Gisborne Region,15-19,All,870,10440,10374,5106,1560,60,639,723,30,1638,621,1734,2298
2015,1,Gisborne Region,15-19,Female,432,5196,5145,2637,732,27,177,324,0,978,264,1089,1005
2015,1,Gisborne Region,15-19,Male,438,5244,5229,2469,825,33,462,399,27,660,357,642,1293
2015,1,Gisborne Region,20-24,All,933,11184,11094,60,1428,246,2709,1845,240,3777,789,4932,5271
2015,1,Gisborne Region,20-24,Female,462,5544,5484,48,813,78,861,756,18,2616,291,3171,1926
2015,1,Gisborne Region,20-24,Male,468,5640,5610,12,615,165,1851,1089,222,1161,498,1761,3345
2015,1,Hawke's Bay Region,15-19,All,2277,27312,27084,14469,3696,141,1566,1716,117,4104,1275,4137,5979
2015,1,Hawke's Bay Region,15-19,Female,1164,13968,13851,7722,1839,60,504,816,15,2337,552,2589,2835
2015,1,Hawke's Bay Region,15-19,Male,1113,13344,13233,6744,1854,81,1059,900,102,1770,723,1545,3141
2015,1,Hawke's Bay Region,20-24,All,2175,26100,25851,117,3807,534,6552,3840,480,8688,1833,11151,12240
2015,1,Hawke's Bay Region,20-24,Female,1089,13044,12909,57,2379,114,2226,1701,27,5688,711,7236,4764
2015,1,Hawke's Bay Region,20-24,Male,1089,13056,12945,60,1428,417,4323,2139,450,3000,1122,3918,7476
2015,1,Manawatu-Wanganui Region,15-19,All,2877,34512,34323,18096,4401,240,2199,2232,144,5697,1314,6099,7821
2015,1,Manawatu-Wanganui Region,15-19,Female,1413,16944,16824,9354,2076,75,756,1116,0,2874,576,3372,3849
2015,1,Manawatu-Wanganui Region,15-19,Male,1464,17568,17499,8742,2325,165,1440,1116,144,2826,738,2727,3972
2015,1,Manawatu-Wanganui Region,20-24,All,2916,34992,34758,213,4488,753,9093,4770,585,13143,1719,16296,16467
2015,1,Manawatu-Wanganui Region,20-24,Female,1419,17016,16920,165,2655,249,2883,2592,39,7617,723,9477,6747
2015,1,Manawatu-Wanganui Region,20-24,Male,1497,17976,17838,45,1830,504,6210,2175,549,5526,999,6816,9720
2015,1,Marlborough Region,15-19,All,339,4056,4041,2037,336,6,384,480,12,594,189,504,1413
2015,1,Marlborough Region,15-19,Female,153,1860,1854,864,159,0,141,294,0,291,102,327,696
2015,1,Marlborough Region,15-19,Male,183,2196,2190,1176,174,6,243,189,9,303,87,177,717
2015,1,Marlborough Region,20-24,All,387,4620,4590,0,354,111,1650,795,81,1335,261,1491,2715
2015,1,Marlborough Region,20-24,Female,186,2244,2229,0,252,18,570,447,0,843,93,945,1155
2015,1,Marlborough Region,20-24,Male,198,2376,2361,0,105,90,1077,348,81,489,168,543,1557
2015,1,Nelson Region,15-19,All,420,5052,5004,2640,588,15,327,405,33,807,183,774,1302
2015,1,Nelson Region,15-19,Female,213,2580,2556,1383,339,12,120,198,0,441,63,429,675
2015,1,Nelson Region,15-19,Male,207,2472,2448,1260,252,6,210,210,30,366,120,345,627
2015,1,Nelson Region,20-24,All,498,5976,5937,33,624,150,1923,933,165,1806,303,2283,3390
2015,1,Nelson Region,20-24,Female,216,2592,2574,21,417,36,549,417,15,1023,93,1278,1266
2015,1,Nelson Region,20-24,Male,282,3384,3363,12,210,114,1374,513,150,783,210,1002,2124
2015,1,Northland Region,15-19,All,2616,31380,31146,16266,4359,123,1482,1839,147,5526,1410,4941,5829
2015,1,Northland Region,15-19,Female,1290,15480,15381,8388,2019,33,465,909,21,2913,633,2892,2727
2015,1,Northland Region,15-19,Male,1323,15900,15765,7881,2337,93,1017,927,126,2610,774,2046,3102
2015,1,Northland Region,20-24,All,2439,29280,29022,81,3579,381,6831,4065,651,11817,1620,14358,12417
2015,1,Northland Region,20-24,Female,1191,14292,14160,75,1887,99,2352,1926,102,7104,615,8655,4917
2015,1,Northland Region,20-24,Male,1248,14988,14859,0,1692,279,4479,2136,549,4713,1002,5703,7500
2015,1,Otago Region,15-19,All,1314,15780,15714,8268,2391,81,1008,1080,78,2220,585,2457,4374
2015,1,Otago Region,15-19,Female,642,7680,7635,4179,1227,30,372,558,0,975,285,1251,2250
2015,1,Otago Region,15-19,Male,675,8100,8076,4089,1164,45,636,522,75,1242,300,1206,2121
2015,1,Otago Region,20-24,All,1542,18492,18330,12,3039,486,5259,2553,390,5646,939,7290,9876
2015,1,Otago Region,20-24,Female,750,9000,8916,15,1731,135,2070,1524,12,3063,366,3921,4653
2015,1,Otago Region,20-24,Male,792,9492,9411,0,1308,351,3189,1032,378,2580,573,3372,5220
2015,1,Southland Region,15-19,All,972,11652,11565,6183,1182,159,1038,906,48,1539,507,1899,3483
2015,1,Southland Region,15-19,Female,501,6000,5970,3129,738,48,333,507,0,975,240,1275,1743
2015,1,Southland Region,15-19,Male,471,5652,5595,3054,444,111,708,399,45,567,267,624,1740
2015,1,Southland Region,20-24,All,978,11760,11682,129,993,438,3459,1800,282,3801,783,4842,6258
2015,1,Southland Region,20-24,Female,489,5868,5832,81,552,123,1182,999,39,2559,303,2928,2601
2015,1,Southland Region,20-24,Male,489,5892,5850,48,441,318,2274,804,243,1242,480,1917,3654
2015,1,Taranaki Region,15-19,All,1185,14244,14157,8040,1347,126,969,780,42,2331,516,1950,3045
2015,1,Taranaki Region,15-19,Female,576,6900,6846,4194,663,39,252,396,0,1086,219,1092,1383
2015,1,Taranaki Region,15-19,Male,612,7344,7308,3846,687,87,717,384,45,1245,300,858,1662
2015,1,Taranaki Region,20-24,All,1230,14736,14628,72,1587,483,4305,1974,147,5352,708,5574,7341
2015,1,Taranaki Region,20-24,Female,600,7188,7122,60,993,150,1299,1059,0,3264,297,3378,2823
2015,1,Taranaki Region,20-24,Male,627,7548,7506,12,597,330,3006,915,147,2088,411,2196,4521
2015,1,Tasman Region,15-19,All,315,3780,3756,2157,396,24,351,297,0,363,165,369,1296
2015,1,Tasman Region,15-19,Female,147,1788,1770,948,201,6,186,168,0,180,81,255,678
2015,1,Tasman Region,15-19,Male,168,1992,1983,1209,198,15,165,132,0,183,87,117,618
2015,1,Tasman Region,20-24,All,294,3540,3516,24,324,129,1254,603,30,996,156,1098,2154
2015,1,Tasman Region,20-24,Female,141,1704,1692,12,186,9,420,363,0,633,69,630,876
2015,1,Tasman Region,20-24,Male,153,1836,1824,12,141,120,834,240,30,360,87,465,1275
2015,1,Waikato Region,15-19,All,5022,60264,59814,28821,8115,372,4050,4050,189,11616,2604,9219,13452
2015,1,Waikato Region,15-19,Female,2517,30216,29982,15255,4224,111,1158,1983,15,6048,1188,5286,6117
2015,1,Waikato Region,15-19,Male,2505,30048,29832,13566,3891,261,2892,2067,174,5565,1416,3930,7335
2015,1,Waikato Region,20-24,All,5265,63180,62682,252,8349,1317,17046,7569,1059,23817,3276,27150,28977
2015,1,Waikato Region,20-24,Female,2589,31044,30777,165,5262,411,5010,3843,36,14700,1347,16851,11169
2015,1,Waikato Region,20-24,Male,2679,32136,31905,87,3087,903,12036,3723,1023,9120,1929,10299,17808
2015,1,Wellington Region,15-19,All,3579,42936,42612,23094,6393,90,2157,2697,120,6468,1587,6753,8817
2015,1,Wellington Region,15-19,Female,1809,21708,21522,11859,3309,42,771,1356,0,3474,705,3933,4410
2015,1,Wellington Region,15-19,Male,1770,21228,21090,11232,3084,54,1386,1344,117,2994,882,2820,4407
2015,1,Wellington Region,20-24,All,4017,48180,47670,195,7299,561,14406,6696,474,15894,2142,18885,24831
2015,1,Wellington Region,20-24,Female,1968,23604,23313,150,4122,204,5484,3210,15,9237,891,11091,10599
2015,1,Wellington Region,20-24,Male,2049,24576,24357,45,3180,357,8922,3489,456,6657,1254,7791,14232
2015,1,West Coast Region,15-19,All,279,3336,3312,1944,282,51,309,240,12,360,114,456,1146
2015,1,West Coast Region,15-19,Female,135,1620,1599,924,159,15,120,147,0,177,57,252,615
2015,1,West Coast Region,15-19,Male,141,1716,1710,1023,120,36,186,93,12,180,57,210,531
2015,1,West Coast Region,20-24,All,336,4020,3984,0,432,84,1413,561,36,1248,213,1485,2271
2015,1,West Coast Region,20-24,Female,174,2100,2082,0,261,27,528,363,0,780,117,936,1023
2015,1,West Coast Region,20-24,Male,162,1920,1902,0,171,57,885,198,30,465,96,546,1251
